{"h":0.6302083730697632,"w":0.638671875,"x":0.0546875,"y":0.2838541567325592}